{"cameraMode":{"drawMode":0,"name":"Shaded","section":"Shading Mode"},"sceneLighting":true,"audioPlay":false,"sceneViewState":{"showFog":true,"showMaterialUpdate":true,"showSkybox":true,"showFlares":true,"showImageEffects":true,"showParticleSystems":true},"in2DMode":false,"pivot":{"x":-0.7243161201477051,"y":7.6323347091674809,"z":-14.799198150634766},"rotation":{"x":-0.1464986503124237,"y":-0.06432874500751496,"z":0.009549702517688275,"w":-0.9870708584785461},"size":37.05310821533203,"orthographic":false}