{"cameraMode":{"drawMode":0,"name":"Shaded","section":"Shading Mode"},"sceneLighting":true,"audioPlay":false,"sceneViewState":{"showFog":true,"showMaterialUpdate":true,"showSkybox":true,"showFlares":true,"showImageEffects":true,"showParticleSystems":true},"in2DMode":false,"pivot":{"x":-0.06138894334435463,"y":5.426110744476318,"z":-8.67813777923584},"rotation":{"x":-0.18370603024959565,"y":-0.030053334310650827,"z":0.005621525924652815,"w":-0.9825056195259094},"size":8.92382526397705,"orthographic":false}