{"cameraMode":{"drawMode":0,"name":"Shaded","section":"Shading Mode"},"sceneLighting":true,"audioPlay":false,"sceneViewState":{"showFog":true,"showMaterialUpdate":true,"showSkybox":true,"showFlares":true,"showImageEffects":true,"showParticleSystems":true},"in2DMode":false,"pivot":{"x":-0.08078794926404953,"y":5.917221546173096,"z":-8.637689590454102},"rotation":{"x":-0.1319555789232254,"y":0.0038864118978381159,"z":-0.0005151752266101539,"w":-0.9912478923797607},"size":0.14840608835220338,"orthographic":false}